studio,website,email,phone
ITECH,найдено вручную,hi@itech-group.ru,+7 495 255 03 37
Liqium,найдено вручную,Info@liqium.ru,+7 495 545 42 35
AGIMA,найдено вручную,info@agima.ru,+7 495 981-01-85
idaproject,найдено вручную,do@idaproject.com,+7 (495) 646-09-06
АЭРО,найдено вручную,contact@aeroidea.ru,+7 (495) 120-12-38
Далее,https://dalee.ru,asya.markevich@dalee.ru,+7 (495) 150-99-11
Оджетто,https://oggetto.ru,info@oggetto.ru,+7 495 587 4127
Digital Lab,https://digitallab.ru,hello@digitallab.ru,
Greensight,https://greensight.ru,mail@greensight.ru,+7 499 391 66 69
Интаро,https://intaro.ru,hello@intaro.ru,+7 (812) 245-99-99
Космос-Веб,https://www.cosmos-web.ru,info@cosmos-web.ru,+7 (495) 604-14-27
Only,https://only.ru,info@only.ru,+74956122222
Terabit Digital,https://terabit.ai,info@terabit.ai,+7 (495) 260-17-06
Факт,https://studiofact.ru,soft@studiofact.ru,+7 (495) 134-25-25
Oxem,https://oxem.ru,info@oxem.ru,+7 495 204-15-70
CHIPSA,https://chipsa.ru,info@chipsa.ru,+77495532285
AWG,https://awg.ru,,+74952780708
Progressive Media,https://progressivemedia.ru,sales@progressivemedia.ru,+7 495 777-65-36
Uplab,https://uplab.ru,info@uplab.ru,+7 499 653 78 83
Цифровой Элемент,https://d-element.ru,info@d-element.ru,
Escape Tech,https://escape-team.tech,hi@escape-team.tech,+7 995 500 70 90
Purrweb,https://purrweb.ru,hi@purrweb.com,+7 495 926-78-77
Braind,https://braind.ru,hello@braind.ru,
е—б эдженси,https://e-b.agency,hello@e-b.agency,
Red Collar,https://redcollar.ru,hello@redcollar.ru,+74732299194
Вебпрактик,https://webpractik.ru,hello@webpractik.ru,+7 495 540-51-79
Молния,https://flashfamily.ru,hello@flashfamily.ru,8-800-600-72-60
АБВ сайт,https://www.abcwww.ru,hello@abcwww.ru,+7 (915) 6207341
MEDIA WORKS,https://mworks.ru,job@mworx.ru,+7 (495) 127-71-37
startmedia,https://startmedia.pro,info@stmd.pro,+7 (342) 203-99-77
